Workbook

Sheet Summary
A1: 類別 | B1: 第1年 (NTD) | C1: 第2年 (NTD) | D1: 兩年合計 (NTD)
A2: 研究人力費 | B2: =SUMIFS(Detail!$F:$F,Detail!$A:$A,"第1年",Detail!$B:$B,$A2) -> 838974 | C2: =SUMIFS(Detail!$F:$F,Detail!$A:$A,"第2年",Detail!$B:$B,$A2) -> 838974 | D2: =B2+C2 -> 1677948
A3: 耗材/物品/圖書/雜項 | B3: =SUMIFS(Detail!$F:$F,Detail!$A:$A,"第1年",Detail!$B:$B,$A3) -> 68000 | C3: =SUMIFS(Detail!$F:$F,Detail!$A:$A,"第2年",Detail!$B:$B,$A3) -> 93000 | D3: =B3+C3 -> 161000
A4: 研究設備費 | B4: =SUMIFS(Detail!$F:$F,Detail!$A:$A,"第1年",Detail!$B:$B,$A4) -> 130000 | C4: =SUMIFS(Detail!$F:$F,Detail!$A:$A,"第2年",Detail!$B:$B,$A4) -> 65000 | D4: =B4+C4 -> 195000
A5: 國外差旅—國際合作移地研究 | B5: =SUMIFS(Detail!$F:$F,Detail!$A:$A,"第1年",Detail!$B:$B,$A5) -> 65000 | C5: =SUMIFS(Detail!$F:$F,Detail!$A:$A,"第2年",Detail!$B:$B,$A5) -> 70000 | D5: =B5+C5 -> 135000
A6: 國外差旅—出席國際學術會議 | B6: =SUMIFS(Detail!$F:$F,Detail!$A:$A,"第1年",Detail!$B:$B,$A6) -> 120000 | C6: =SUMIFS(Detail!$F:$F,Detail!$A:$A,"第2年",Detail!$B:$B,$A6) -> 150000 | D6: =B6+C6 -> 270000
A7: 合計 | B7: =SUM(B2:B6) -> 1221974 | C7: =SUM(C2:C6) -> 1216974 | D7: =SUM(D2:D6) -> 2438948

Sheet Detail
A1: 年度 | B1: 類別 | C1: 項目 | D1: 數量 | E1: 單價 (NTD) | F1: 金額 (NTD) | G1: 備註/來源
A2: 第1年 | B2: 研究人力費 | C2: 專任人員 | D2: 1 | E2: 658974 | F2: =D2*E2 -> 658974 | G2: Source: examples images
A3: 第1年 | B3: 研究人力費 | C3: 兼任人員（碩士生） | D3: 12 | E3: 15000 | F3: =D3*E3 -> 180000 | G3: 15000/月 x 12；Source: examples images
A4: 第1年 | B4: 耗材/物品/圖書/雜項 | C4: 消耗性器材 | D4: 1 | E4: 25000 | F4: =D4*E4 -> 25000 | G4: Source: examples images
A5: 第1年 | B5: 耗材/物品/圖書/雜項 | C5: 電腦使用費（Dropbox/Overleaf/AI） | D5: 3 | E5: 6000 | F5: =D5*E5 -> 18000 | G5: Source: examples images
A6: 第1年 | B6: 耗材/物品/圖書/雜項 | C6: 雜支（學會年費） | D6: 1 | E6: 15000 | F6: =D6*E6 -> 15000 | G6: Source: examples images
A7: 第1年 | B7: 耗材/物品/圖書/雜項 | C7: 論文發表費 | D7: 1 | E7: 10000 | F7: =D7*E7 -> 10000 | G7: Source: examples images
A8: 第1年 | B8: 研究設備費 | C8: 高效能桌上型電腦 | D8: 1 | E8: 80000 | F8: =D8*E8 -> 80000 | G8: Source: examples images
A9: 第1年 | B9: 研究設備費 | C9: Stata 19 | D9: 1 | E9: 50000 | F9: =D9*E9 -> 50000 | G9: Source: examples images
A10: 第1年 | B10: 國外差旅—國際合作移地研究 | C10: 日本大阪（5天） | D10: 1 | E10: 65000 | F10: =D10*E10 -> 65000 | G10: Source: examples images
A11: 第1年 | B11: 國外差旅—出席國際學術會議 | C11: 2027 Society of Economic Dynamics Annual Meeting（5天） | D11: 1 | E11: 120000 | F11: =D11*E11 -> 120000 | G11: Source: examples images
A12: 第2年 | B12: 研究人力費 | C12: 專任人員 | D12: 1 | E12: 658974 | F12: =D12*E12 -> 658974 | G12: Source: examples images
A13: 第2年 | B13: 研究人力費 | C13: 兼任人員（碩士生） | D13: 12 | E13: 15000 | F13: =D13*E13 -> 180000 | G13: 15000/月 x 12；Source: examples images
... A20: 第2年 | B20: 國外差旅—出席國際學術會議 | C20: 2027 Society of Economic Dynamics Annual Meeting（5天） | D20: 1 | E20: 150000 | F20: =D20*E20 -> 150000 | G20: Source: examples images
